;mean_errors_train;mean_errors_val;mean_errors_test;mean_errors_remaining;mean_errors_grid
mae;0.17639027176526054;0.12450555413703496;0.14569291320793226;1.733408171003361;4.074460976919296
