;y_real;y_pred;error
0.0;0.152655693;0.15285532449617475;0.00019963149617474585
1.0;0.13263261;0.1314344740102036;0.0011981359897964006
2.0;0.116048869;0.11335129789965923;0.002697571100340773
3.0;0.101689867;0.10112438446015784;0.0005654825398421631
4.0;0.095497286;0.0932358262301913;0.0022614597698086963
