;mean_errors_train;mean_errors_val;mean_errors_test;mean_errors_remaining;mean_errors_grid
mae;0.025541678025240336;0.029130850703947577;0.027421182797794968;0.08284539870386773;0.0013844561791925558
