;mean_errors_train;mean_errors_val;mean_errors_test;mean_errors_remaining;mean_errors_grid
mae;0.12822662923419884;0.10021875707313183;0.11917213523749041;1.19852457535634;15.226910562482475
