{"n_layers": 3, "n_units_l0": 46, "n_units_l1": 41, "n_units_l2": 47, "value": 0.84400205746225, "_timestamp": 1706889651.2450333, "_runtime": 45.53510522842407, "_step": 9, "_wandb": {"runtime": 46}}