;mean_errors_train;mean_errors_val;mean_errors_test;mean_errors_remaining;mean_errors_grid
mae;0.026647054936950652;0.030639223614042956;0.02981441273173555;0.09169614645787182;56.45458772544565
