;mean_errors_train;mean_errors_val;mean_errors_test;mean_errors_remaining;mean_errors_grid
mae;0.15540087589935975;0.14577066824632876;0.11522658144959345;2.239896535724999;5.49655210046037
