;mean_errors_train;mean_errors_val;mean_errors_test;mean_errors_remaining;mean_errors_grid
mae;0.07036857772878724;0.045294742795601015;0.08087952823595053;0.7609277965655452;11.43123050155712
