;y_real;y_pred;error
0.0;0.152655693;0.16364460825717791;0.010988915257177906
1.0;0.13263261;0.1412400876170845;0.008607477617084497
2.0;0.116048869;0.1191116750040224;0.0030628060040223948
3.0;0.101689867;0.10182388656659774;0.00013401956659774006
4.0;0.095497286;0.09114356344236062;0.004353722557639383
