;y_real;y_pred;error
0.0;0.152655693;0.15087330177446837;0.0017823912255316432
1.0;0.13263261;0.14013161002381702;0.00749900002381701
2.0;0.116048869;0.11715014897620854;0.0011012799762085412
3.0;0.101689867;0.09595007232490252;0.005739794675097484
4.0;0.095497286;0.08486242427505813;0.010634861724941866
