{"n_layers": 2, "n_units_l0": 12, "n_units_l1": 25, "value": 0.8469350394688051, "_timestamp": 1706890166.7281072, "_runtime": 47.39057731628418, "_step": 9, "n_units_l2": 87, "_wandb": {"runtime": 47}}