;y_real;y_pred;error
0.0;0.152655693;0.14461412461112277;0.008041568388877235
1.0;0.13263261;0.16346275206681113;0.030830142066811117
2.0;0.116048869;0.18336746196037843;0.06731859296037843
3.0;0.101689867;0.20301567714712934;0.10132581014712934
4.0;0.095497286;0.2053103177217334;0.10981303172173339
