;TDryBul;HDirNor;oveHeaPumY_u;reaTZon_y
0;271.75;0.0;1.0;292.5090411
1;270.8584416;0.0;1.0;292.6616968
2;270.15;0.0;1.0;292.7943294
3;269.6842857;0.0;1.0;292.9103783
4;269.45;0.0;1.0;293.0120681
