;mean_errors_train;mean_errors_val;mean_errors_test;mean_errors_remaining;mean_errors_grid
0;0.21094578110007678;0.19270316002958285;0.19948835763213926;1.5443495007598391;11.998905286426874
