;mean_errors_train;mean_errors_val;mean_errors_test;mean_errors_remaining;mean_errors_grid
mae;0.056027669169540086;0.05637614281325013;0.05356984927453046;1.6606316201551616;3.032362080663999
