;mean_errors_train;mean_errors_val;mean_errors_test;mean_errors_remaining;mean_errors_grid
mae;0.05286292060589795;0.08819437167188783;0.0678835908749498;0.17318689719613847;0.9590731149033743
